Latin Word,POS
abacor,Verb
abbibo,Verb
abbito,Verb
abdico,Verb
abduco,Verb
aberro,Verb
abfluo,Verb
abhinc,Adjective
abicio,Verb
abigeo,Verb
abilis,Adjective
abiuro,Verb
abjugo,Verb
abjuro,Verb
ablaco,Verb
ablego,Verb
abloco,Verb
abludo,Verb
abnato,Verb
abnego,Verb
abnodo,Verb
abnueo,Verb
abnuto,Verb
aboleo,Verb
abolla,Verb
aborto,Verb
aborus,Adjective
abrado,Verb
abrodo,Verb
abrogo,Verb
absono,Verb
abstus,Adjective
absumo,Verb
abundo,Verb
accano,Verb
accedo,Verb
accido,Verb
accieo,Verb
accino,Verb
accolo,Verb
accubo,Verb
accudo,Verb
accuro,Verb
accuso,Verb
acedio,Adjective
acerao,Verb
acerbo,Verb
acerus,Adjective
acervo,Verb
acesco,Verb
acidus,Adjective
acinax,Verb
acnuus,Adjective
aconus,Adjective
actito,Verb
actuus,Adjective
acutio,Adjective
acutus,Adjective
adaero,Verb
adaggo,Verb
adamus,Verb
adapto,Verb
adaquo,Verb
adarca,Verb
adarco,Verb
adarus,Verb
adauco,Verb
adbibo,Verb
adbito,Verb
adcedo,Verb
adcolo,Adjective
adcubo,Verb
adcudo,Verb
adcuro,Verb
addeco,Verb
addico,Verb
adduco,Verb
adeona,Adjective
aderro,Verb
adesco,Verb
adesus,Adjective
adfero,Verb
adfigo,Verb
adfleo,Verb
adfluo,Verb
adfons,Verb
adfrio,Verb
adgemo,Verb
adgero,Verb
adhalo,Verb
adhamo,Verb
adicio,Verb
adindo,Verb
adiuro,Verb
adiuuo,Verb
adiuvo,Verb
adjugo,Verb
adjuro,Verb
adjuto,Verb
adjuvo,Verb
adlabo,Verb
adlavo,Verb
adlego,Verb
adlevo,Verb
adlido,Verb
adligo,Verb
adlino,Verb
adludo,Verb
adluus,Verb
admeus,Verb
admiro,Verb
adnato,Verb
adnego,Verb
adnigo,Verb
adnito,Verb
adnodo,Verb
adnoto,Verb
adnuto,Verb
adnuus,Verb
adoleo,Verb
adopto,Verb
adoreo,Verb
adorno,Verb
adparo,Verb
adpeto,Verb
adpono,Verb
adrado,Verb
adrepo,Verb
adrigo,Verb
adripo,Verb
adrodo,Verb
adrogo,Verb
adroro,Verb
adsaio,Verb
adsero,Verb
adsido,Verb
adsolo,Verb
adsono,Verb
adspuo,Verb
adsugo,Verb
adsumo,Verb
adsuus,Adjective
adtero,Verb
adtexo,Verb
adtigo,Verb
adtono,Verb
adtrao,Verb
adtulo,Verb
adueho,Verb
adulor,Verb
adulus,Adjective
adveco,Verb
adveho,Verb
advelo,Verb
advero,Verb
advivo,Verb
advoco,Verb
advolo,Verb
adzelo,Verb
aegreo,Verb
aegror,Verb
aemulo,Verb
aeneus,Adjective
aequor,Verb
aequus,Adjective
aercus,Adjective
aereus,Adjective
aerius,Adjective
aestuo,Verb
affero,Verb
affigo,Verb
affleo,Verb
affluo,Verb
affrio,Verb
agamus,Adjective
aggemo,Verb
aggero,Verb
agilis,Adjective
agnino,Adjective
agonio,Verb
agrius,Adjective
ahenus,Adjective
alacer,Adjective
alaris,Adjective
alatus,Adjective
alaudo,Verb
albeps,Adjective
albico,Verb
albuel,Adjective
alceus,Adjective
alesco,Verb
algeus,Adjective
alicus,Adjective
alieno,Verb
alifer,Adjective
aliger,Adjective
alipio,Verb
allabo,Verb
allaco,Verb
allavo,Verb
allcio,Verb
allego,Verb
allevo,Verb
allido,Verb
alligo,Verb
allino,Verb
alloco,Verb
alludo,Verb
alneus,Adjective
alogus,Adjective
alosus,Adjective
alsius,Adjective
aluceo,Verb
alumno,Verb
alypon,Verb
amando,Verb
amarus,Adjective
amasco,Verb
amatus,Adjective
ambedo,Verb
ambigo,Verb
ambulo,Verb
amburo,Verb
amento,Verb
amicio,Verb
amicus,Adjective
amigro,Verb
amitto,Verb
ammiro,Verb
amoeba,Verb
amoeno,Verb
amolus,Adjective
amoveo,Verb
amplio,Verb
amplus,Adjective
amputo,Verb
amtruo,Verb
amussa,Verb
analis,Adjective
anamis,Adjective
ananus,Adjective
anceps,Adjective
anculo,Verb
andabo,Verb
andruo,Verb
angrus,Adjective
angulo,Verb
anhelo,Verb
anilis,Adjective
annato,Verb
anncio,Verb
annego,Verb
annigo,Verb
annito,Verb
annodo,Verb
annono,Verb
annont,Verb
annoto,Verb
annuto,Verb
annuus,Adjective
anteno,Verb
anthia,Adjective
antruo,Verb
anxius,Adjective
aorior,Verb
apalus,Adjective
apello,Verb
aperio,Verb
aperno,Verb
aperto,Verb
aphros,Verb
apicor,Verb
apicus,Adjective
apisco,Verb
aporio,Verb
aporis,Adjective
aposto,Verb
apparo,Verb
appeto,Verb
appono,Verb
apputo,Verb
aprico,Verb
apsono,Verb
apsumo,Verb
aqueus,Adjective
araneo,Verb
aratro,Verb
arcens,Verb
arcera,Verb
arctus,Adjective
arculo,Verb
arduus,Adjective
arduvo,Verb
aresco,Verb
arguto,Verb
aridus,Adjective
arieto,Verb
ariolo,Verb
arpina,Adjective
arrepo,Verb
arrigo,Verb
arrodo,Verb
arrogo,Verb
arroro,Verb
artius,Adjective
arveho,Verb
ascius,Verb
asinus,Adjective
asotus,Adjective
aspero,Verb
aspiro,Verb
assaro,Verb
assero,Verb
assido,Adjective
assolo,Verb
assono,Verb
assugo,Verb
assumo,Verb
assuus,Adjective
assyrn,Verb
astror,Verb
astruo,Verb
ategro,Verb
atheus,Adjective
aticus,Adjective
atomus,Adjective
atopto,Verb
atquor,Adjective
atscor,Verb
attage,Verb
attero,Verb
attexo,Verb
attigo,Verb
attono,Verb
attulo,Verb
atypus,Adjective
auarus,Adjective
auctus,Adjective
aucupo,Verb
audito,Verb
aufero,Verb
auguro,Verb
aureus,Adjective
aurigo,Verb
auroro,Verb
automo,Verb
autumo,Verb
avarus,Adjective
avctus,Verb
avehoo,Verb
avello,Verb
averio,Verb
averro,Verb
averso,Verb
averto,Verb
avidus,Adjective
avitus,Adjective
avorro,Verb
avorso,Verb
avorto,Verb
azymus,Adjective
baccho,Verb
badius,Adjective
badizo,Verb
baetus,Adjective
bajulo,Verb
balbus,Adjective
balito,Verb
bardus,Adjective
bassus,Adjective
battuo,Verb
baubor,Verb
baucus,Adjective
beatus,Adjective
bellax,Adjective
bellus,Adjective
beluus,Adjective
betizo,Verb
bibodo,Adjective
biceps,Adjective
biduus,Adjective
bignus,Adjective
bilobo,Verb
binoto,Verb
biplex,Adjective
bivius,Adjective
bladus,Adjective
blatto,Verb
blavus,Adjective
blitus,Verb
boatus,Verb
boleto,Verb
bombax,Adjective
bombus,Adjective
bombyx,Verb
boopis,Adjective
boreus,Adjective
borius,Adjective
borrus,Adjective
bostra,Adjective
botono,Verb
botryo,Verb
bovino,Verb
bracio,Verb
bracte,Adjective
bratus,Verb
bravio,Verb
bredus,Adjective
brengo,Verb
breuis,Adjective
brevio,Verb
brevis,Adjective
bromus,Adjective
brucus,Adjective
brunus,Adjective
brutus,Adjective
bubino,Verb
bublus,Adjective
bubulo,Verb
buccus,Adjective
bucino,Verb
bulimo,Verb
bullao,Verb
bundus,Verb
burrus,Adjective
bursus,Adjective
bustus,Verb
buvino,Verb
buxeus,Adjective
byrrus,Adjective
cacabo,Verb
caecus,Adjective
caelia,Adjective
caepas,Verb
caetro,Verb
cafeus,Adjective
calamo,Verb
calcar,Verb
calceo,Verb
calcio,Verb
caldus,Adjective
caleco,Verb
calico,Verb
caligo,Verb
calleo,Verb
callet,Verb
callis,Adjective
calveo,Verb
calvus,Adjective
camaro,Verb
cambio,Verb
camero,Verb
camino,Verb
campso,Verb
candeo,Verb
caneus,Adjective
cannus,Adjective
capito,Verb
capnio,Verb
capsus,Verb
captus,Adjective
capulo,Verb
carino,Verb
carisa,Adjective
carpis,Adjective
caruis,Adjective
cascus,Adjective
casina,Adjective
casito,Verb
cassus,Adjective
castro,Verb
castus,Adjective
cateno,Verb
catina,Adjective
causso,Verb
causus,Verb
cautus,Verb
celero,Verb
celsus,Adjective
celtis,Verb
celtus,Adjective
cenito,Verb
censeo,Verb
census,Adjective
centio,Verb
cephea,Adjective
cereus,Adjective
cernuo,Verb
cernus,Adjective
certor,Verb
certus,Adjective
cester,Adjective
cestus,Adjective
cetius,Adjective
chanus,Adjective
charus,Adjective
cherub,Adjective
chilia,Adjective
chobus,Adjective
choero,Verb
chorea,Adjective
chylus,Adjective
chymus,Adjective
ciccus,Adjective
cicuro,Verb
cillus,Adjective
cimico,Verb
ciprus,Adjective
circus,Adjective
cirror,Verb
citror,Verb
clamys,Verb
clango,Verb
clareo,Verb
clarus,Adjective
clatro,Verb
claudo,Verb
clauus,Adjective
clavao,Verb
clingo,Verb
clinis,Adjective
clipeo,Verb
clipio,Verb
clivis,Adjective
clivus,Adjective
cloaco,Verb
clodus,Adjective
cluden,Verb
cludus,Adjective
clueor,Verb
clunis,Adjective
clupea,Verb
clupeo,Verb
clusus,Adjective
clutus,Adjective
clypeo,Verb
cnecus,Adjective
cnemus,Adjective
coacto,Verb
coaddo,Verb
coapto,Verb
coarho,Verb
coarmo,Verb
coarto,Verb
coasso,Verb
coaxao,Verb
cocino,Verb
cocito,Verb
coctus,Adjective
coelis,Adjective
coepio,Verb
coepto,Verb
coerro,Verb
cogito,Verb
cogulo,Verb
coicio,Verb
coipio,Verb
coleor,Verb
coleum,Verb
coligo,Verb
collor,Verb
colluo,Verb
coloro,Verb
comedo,Verb
comiso,Verb
comito,Verb
commeo,Verb
commuo,Verb
compar,Verb
compis,Verb
compro,Verb
comtus,Adjective
concao,Verb
condux,Verb
confio,Verb
conflo,Verb
conigo,Verb
conito,Verb
conlor,Verb
conluo,Verb
conpeo,Verb
conpuo,Verb
conruo,Verb
consco,Verb
conseo,Verb
consto,Verb
consuo,Verb
consus,Verb
conteo,Verb
contro,Verb
contuo,Verb
conviv,Adjective
coopto,Verb
copais,Verb
copero,Verb
copulo,Verb
corban,Verb
cordes,Adjective
cordus,Adjective
coreus,Adjective
corono,Verb
corruo,Verb
cossus,Verb
cotylo,Adjective
craceo,Verb
crasso,Verb
creber,Adjective
creduo,Verb
crenus,Adjective
creper,Verb
cresco,Verb
cresso,Verb
cretao,Verb
cretus,Adjective
cribro,Verb
cridus,Adjective
crispo,Adjective
crisso,Verb
crisus,Adjective
crucio,Verb
crudus,Adjective
crusto,Verb
cubito,Verb
cucubo,Verb
cuculo,Verb
cuicul,Adjective
culcio,Verb
cultus,Verb
cumulo,Verb
cuncto,Verb
cuneus,Adjective
curago,Verb
curito,Verb
curius,Adjective
currax,Verb
cursio,Verb
curtus,Adjective
curuus,Verb
curvus,Adjective
cutina,Adjective
cyamus,Verb
cyanis,Adjective
cyprus,Adjective
dablum,Verb
dampno,Verb
dapino,Verb
dathio,Verb
daucus,Adjective
dealbo,Verb
deamus,Verb
dearmo,Verb
deauro,Verb
debibo,Verb
debrio,Verb
decano,Verb
decedo,Verb
decido,Verb
decima,Adjective
decimo,Verb
decoco,Verb
decogo,Verb
decolo,Verb
decoro,Verb
decubo,Verb
decumo,Verb
dedeco,Verb
dedico,Verb
dedolo,Verb
dedomo,Verb
deduco,Verb
deerro,Verb
defeco,Verb
defero,Verb
defico,Verb
defigo,Verb
defleo,Verb
defluo,Verb
defruo,Verb
defugo,Verb
degero,Verb
degulo,Verb
deguno,Verb
deicio,Verb
deiero,Verb
deifer,Adjective
deiuus,Adjective
deiuvo,Verb
dejero,Verb
dejugo,Verb
dejuro,Verb
dejuvo,Verb
delabo,Verb
delavo,Verb
deleco,Verb
delego,Verb
delero,Verb
delevo,Verb
delibo,Verb
delico,Verb
deligo,Verb
delimo,Verb
delino,Verb
deliro,Verb
delito,Verb
deludo,Verb
deluto,Verb
demano,Verb
demens,Adjective
demeto,Verb
demiro,Verb
demoro,Verb
demuto,Verb
denaso,Verb
denato,Verb
denego,Verb
denoto,Verb
denovo,Verb
denseo,Verb
densus,Adjective
denubo,Verb
denudo,Verb
deocco,Verb
deopto,Verb
deordo,Verb
depalo,Verb
depcio,Verb
depilo,Verb
depleo,Verb
depluo,Verb
depono,Verb
depsum,Verb
depudo,Verb
depuro,Verb
deputo,Verb
derado,Verb
derbeo,Verb
derepo,Verb
derido,Verb
derigo,Verb
derivo,Verb
derodo,Verb
derogo,Verb
derubo,Verb
derupo,Verb
deseco,Verb
desero,Verb
desico,Verb
desido,Verb
desino,Verb
desolo,Verb
despuo,Verb
desudo,Verb
desugo,Verb
desumo,Verb
detego,Verb
detero,Verb
detexo,Verb
detono,Verb
deuius,Verb
devago,Verb
deveho,Verb
develo,Verb
devexo,Verb
devito,Verb
devius,Adjective
devoco,Verb
devolo,Verb
devomo,Verb
devoro,Verb
devoto,Verb
dexter,Adjective
diabes,Verb
dialis,Adjective
dibalo,Verb
dicteo,Verb
diduco,Verb
difflo,Verb
digero,Verb
dignus,Adjective
dijugo,Verb
dilabo,Verb
dilato,Verb
dilaxo,Verb
dilido,Verb
diligo,Verb
dimano,Verb
dimeto,Verb
dimetr,Adjective
dimico,Verb
dinoto,Verb
dirado,Verb
diraro,Verb
dirigo,Verb
dirimo,Verb
dirivo,Verb
diruus,Verb
disamo,Verb
discus,Verb
dispar,Adjective
dispuo,Verb
dissuo,Verb
diurno,Verb
divexo,Verb
divido,Verb
divino,Verb
divise,Verb
doctus,Adjective
domino,Verb
domito,Verb
dorius,Adjective
dormeo,Verb
dorsor,Verb
dorsus,Adjective
dualis,Adjective
dubito,Verb
dubius,Adjective
duello,Verb
duerno,Verb
dulcis,Adjective
dunquo,Verb
duonus,Adjective
duplex,Adjective
duplus,Adjective
ebrius,Adjective
ebullo,Verb
ecaudo,Verb
ecfero,Verb
echino,Verb
echito,Verb
ecquor,Verb
edepol,Verb
edisco,Verb
edisso,Verb
editus,Adjective
edoceo,Verb
edulis,Adjective
edulus,Adjective
edurus,Adjective
effero,Verb
effleo,Verb
effluo,Verb
effugo,Verb
egenus,Adjective
eiulus,Adjective
eiurus,Verb
ejecto,Verb
ejicio,Verb
elater,Adjective
elatus,Adjective
elepho,Verb
elicio,Verb
elimus,Adjective
elingo,Verb
eliquo,Verb
elixir,Verb
elixus,Verb
elongo,Verb
eloquo,Verb
eluceo,Verb
elucto,Verb
elugeo,Verb
emaneo,Verb
emendo,Verb
emerco,Verb
emereo,Verb
emergo,Verb
emetus,Adjective
emiger,Verb
emigro,Verb
emineo,Verb
emitto,Verb
emolus,Adjective
emoneo,Verb
emorio,Verb
emoveo,Verb
emundo,Verb
emungo,Verb
emutus,Verb
enarro,Verb
enasco,Verb
enecus,Adjective
enervo,Verb
enicus,Adjective
eniteo,Verb
enodis,Adjective
enotus,Verb
entheo,Verb
ephyra,Adjective
epicus,Adjective
epotum,Verb
epotus,Adjective
epulor,Verb
equito,Verb
erctus,Verb
eremus,Adjective
ericus,Adjective
erilis,Adjective
eripio,Verb
erneus,Adjective
eructo,Verb
erumpo,Verb
escado,Verb
escari,Adjective
estimo,Verb
euhois,Adjective
euplis,Adjective
eurous,Adjective
evacuo,Verb
evagor,Verb
evanno,Verb
evanuo,Verb
evasto,Verb
evello,Verb
evenio,Verb
everro,Verb
everto,Verb
evexus,Verb
evinco,Verb
evisco,Verb
evolvo,Verb
evulgo,Verb
exacuo,Verb
exagio,Verb
exalbo,Adjective
exalto,Verb
exardo,Verb
exarmo,Verb
exatio,Verb
exbibo,Verb
excano,Verb
excavo,Verb
excedo,Verb
excido,Adjective
excieo,Verb
excito,Verb
excius,Verb
excolo,Verb
excors,Adjective
excreo,Verb
excubo,Verb
excudo,Verb
excuso,Verb
execro,Verb
execuo,Verb
exequo,Verb
exerro,Verb
exerto,Verb
exhalo,Verb
exhilo,Verb
exicco,Verb
exilis,Adjective
eximie,Adjective
eximus,Adjective
exinto,Verb
existo,Verb
exjuro,Verb
exolvo,Verb
exopto,Verb
exorno,Verb
exorto,Verb
exorus,Adjective
exosso,Verb
exosus,Adjective
expedo,Verb
expers,Adjective
expeto,Verb
expilo,Verb
expiro,Verb
expleo,Verb
expono,Verb
expuos,Verb
exsceo,Verb
exseco,Verb
exsero,Verb
exsico,Verb
exspuo,Verb
exsuco,Verb
exsudo,Verb
exsugo,Verb
exsulo,Verb
extruo,Verb
exulto,Verb
exundo,Verb
exurgo,Verb
fabius,Adjective
fabulo,Verb
facial,Adjective
faener,Adjective
faeteo,Verb
falcus,Verb
fallax,Adjective
falsus,Adjective
famulo,Verb
fandus,Adjective
fastus,Adjective
fateor,Verb
fatigo,Verb
fatuor,Adjective
fatuus,Adjective
februa,Adjective
femino,Adjective
fenero,Verb
feoffo,Verb
ferito,Verb
fermis,Adjective
fertus,Adjective
ferveo,Verb
fessus,Adjective
fester,Adjective
festum,Adjective
festus,Adjective
fetior,Verb
fibulo,Verb
fictus,Adjective
figuro,Verb
fingus,Verb
finito,Adjective
firmus,Adjective
fissus,Verb
flagro,Verb
flammo,Verb
flaveo,Verb
flavus,Adjective
flecto,Verb
floreo,Verb
fluito,Verb
flustr,Adjective
fluxus,Adjective
focilo,Verb
foculo,Verb
fodico,Verb
foedus,Adjective
foelix,Adjective
foeteo,Verb
foetus,Adjective
fordus,Adjective
forsum,Verb
fortax,Adjective
fortis,Adjective
fossus,Adjective
foveus,Adjective
fraceo,Verb
fraglo,Verb
fragro,Verb
frango,Verb
fraudo,Verb
frendo,Verb
frenus,Adjective
fretus,Adjective
fricor,Verb
fricus,Adjective
frigeo,Verb
friger,Verb
frisii,Adjective
frixus,Adjective
frusso,Verb
fulcer,Adjective
fulgeo,Verb
fulguo,Verb
fuligo,Verb
fultus,Adjective
fulvus,Adjective
fumeus,Adjective
fumigo,Verb
funebs,Adjective
funero,Verb
furvus,Adjective
fuscip,Adjective
fuscus,Adjective
fustum,Verb
gaesus,Verb
galben,Adjective
galbus,Adjective
gallus,Adjective
gammus,Adjective
ganeus,Adjective
gaudeo,Verb
gazelo,Verb
gemino,Verb
genero,Verb
gerbor,Adjective
gestum,Verb
gibber,Adjective
gibbus,Adjective
gilbus,Adjective
gilvus,Adjective
glaber,Adjective
glabro,Verb
glacio,Verb
glenus,Adjective
glisco,Verb
glorio,Verb
glosus,Adjective
glubeo,Verb
glutto,Verb
gnarus,Adjective
gnasco,Verb
gnauus,Adjective
gnomon,Verb
gnosco,Verb
gnosus,Adjective
gradio,Verb
gradus,Adjective
graeci,Adjective
graeco,Verb
grasso,Verb
gratus,Adjective
grauis,Adjective
grauus,Adjective
gravis,Adjective
grecus,Adjective
greuis,Adjective
grosus,Adjective
grumus,Verb
grunda,Adjective
grutus,Verb
guttur,Verb
habeno,Verb
habito,Verb
haemus,Verb
haereo,Verb
haimus,Adjective
haleti,Verb
halito,Verb
hapsis,Verb
hareno,Verb
harpax,Adjective
haunta,Verb
hcatto,Verb
hebeto,Verb
hebrus,Adjective
hejulo,Verb
helluo,Adjective
helxen,Verb
herous,Adjective
hierus,Adjective
hilaro,Verb
hirtus,Adjective
honoro,Verb
hornus,Adjective
horreo,Verb
horsus,Verb
hortor,Verb
humano,Verb
humeus,Adjective
hyosor,Verb
iambus,Adjective
iberis,Verb
ibilis,Adjective
idalis,Adjective
idimus,Verb
ieiuno,Verb
ientus,Verb
ificus,Verb
igneus,Adjective
ignoro,Verb
illabo,Verb
illcio,Verb
illeco,Verb
illido,Verb
illigo,Verb
illino,Verb
illudo,Verb
imbibo,Verb
imbito,Verb
immero,Verb
immiso,Verb
immolo,Verb
immuto,Verb
impaco,Verb
impero,Verb
impeto,Verb
impius,Adjective
impleo,Verb
impluo,Verb
impolo,Verb
impono,Verb
impueb,Adjective
impuro,Verb
imputo,Verb
inalbo,Verb
inanis,Adjective
inargo,Verb
inarus,Adjective
inatus,Verb
inauer,Adjective
inauro,Verb
inbibo,Verb
inbito,Verb
incaro,Verb
incauo,Verb
incedo,Verb
incero,Verb
inchoo,Verb
incido,Verb
incilo,Verb
incino,Verb
incito,Verb
incoho,Verb
incolo,Verb
incubo,Verb
incudo,Verb
incuro,Verb
incuso,Verb
indago,Verb
indico,Verb
indigo,Verb
indolo,Verb
induco,Verb
induro,Adjective
inedio,Verb
inedis,Adjective
inerro,Verb
inesco,Verb
infamo,Adjective
infeco,Verb
infero,Verb
infieo,Verb
infigo,Verb
infimo,Verb
influo,Adjective
infreo,Verb
infrio,Verb
infulo,Verb
infumo,Verb
ingemo,Verb
ingeno,Verb
ingens,Adjective
ingero,Verb
ingruo,Verb
inguen,Adjective
inhalo,Verb
inhumo,Verb
inicio,Verb
iniior,Verb
initio,Verb
iniugo,Verb
iniuro,Verb
injuro,Verb
inlabo,Verb
inlago,Verb
inlego,Verb
inlido,Adjective
inligo,Verb
inlino,Verb
inludo,Verb
innato,Verb
inncio,Verb
innito,Verb
innoco,Verb
innovo,Verb
innubo,Verb
inodio,Verb
inorno,Verb
inparo,Verb
inpero,Verb
inpeto,Verb
inpius,Adjective
inpleo,Verb
inpono,Verb
inquam,Verb
inrepo,Verb
inrigo,Verb
inrogo,Verb
inrumo,Verb
inruus,Verb
inscio,Verb
inscus,Adjective
inseco,Verb
insero,Verb
insido,Verb
insipo,Verb
insito,Verb
insolo,Verb
insono,Verb
insons,Adjective
inspuo,Verb
instus,Adjective
insudo,Verb
insumo,Verb
insupo,Verb
insuus,Adjective
intego,Verb
inteno,Verb
intexo,Verb
intimo,Verb
intono,Verb
intueo,Verb
intuor,Verb
inundo,Verb
inungo,Verb
inuoco,Verb
inurus,Adjective
invado,Verb
inveho,Verb
invise,Verb
inviso,Verb
invito,Verb
invius,Adjective
invoco,Verb
involo,Verb
irasco,Verb
iratus,Adjective
irinus,Adjective
ironia,Adjective
irremo,Verb
irrepo,Verb
irrigo,Verb
irrimo,Verb
irrito,Verb
irrogo,Verb
irroro,Verb
irrumo,Verb
irruus,Adjective
italus,Adjective
iterus,Verb
iudico,Verb
iuncus,Adjective
iussum,Verb
iussus,Verb
iustus,Adjective
jaculo,Verb
jamjam,Verb
jejuno,Verb
joculo,Verb
jubilo,Verb
judico,Verb
jugulo,Verb
julius,Adjective
junius,Adjective
jussus,Verb
justus,Adjective
juveno,Verb
kapium,Adjective
laboro,Verb
laccor,Verb
lacero,Verb
laches,Adjective
lacuno,Verb
laeter,Adjective
laetus,Adjective
laevus,Adjective
laicus,Adjective
lainus,Adjective
lanceo,Verb
laneus,Adjective
langus,Adjective
lapido,Verb
lappas,Verb
laqueo,Verb
largus,Adjective
lassus,Verb
lateps,Adjective
latido,Verb
latino,Verb
latior,Verb
latito,Verb
latius,Adjective
latmus,Adjective
latrao,Verb
laureo,Verb
lautus,Adjective
lectio,Verb
lectus,Adjective
leinus,Adjective
lembus,Verb
lendus,Adjective
lentus,Adjective
leptus,Adjective
leugus,Adjective
leuius,Adjective
levigo,Verb
libero,Verb
liceor,Verb
ligula,Adjective
limbor,Verb
limino,Verb
limito,Verb
limono,Verb
linear,Adjective
lineus,Adjective
lingus,Verb
linquo,Verb
lippus,Adjective
liqueo,Verb
liquis,Adjective
litigo,Verb
livido,Verb
longus,Adjective
loquax,Adjective
loquor,Verb
loquus,Adjective
loreus,Adjective
luceus,Verb
lucido,Verb
lucuns,Verb
lumino,Verb
lunulo,Verb
lurcho,Verb
lurdus,Adjective
lurius,Adjective
luscus,Adjective
lusito,Verb
lustro,Verb
luteus,Adjective
lutito,Verb
lutrus,Adjective
lycius,Adjective
lympho,Verb
macero,Verb
maceus,Verb
mactus,Verb
maculo,Verb
maenus,Adjective
maereo,Verb
maesto,Verb
magnus,Adjective
magudo,Verb
majuma,Adjective
malleo,Verb
maltha,Adjective
malvus,Adjective
mancus,Adjective
manico,Verb
mantus,Adjective
marceo,Adjective
marito,Verb
marius,Adjective
marmus,Adjective
mattea,Adjective
maturo,Verb
matuto,Adjective
meddix,Verb
medeor,Verb
medico,Verb
medito,Verb
medius,Adjective
memini,Verb
memoro,Verb
mercor,Verb
mereor,Verb
mersus,Verb
metior,Adjective
metris,Adjective
migrus,Adjective
milito,Verb
miluus,Adjective
mingus,Verb
minito,Verb
minius,Adjective
minoro,Verb
minyas,Adjective
mirium,Adjective
misceo,Verb
misero,Verb
mistus,Adjective
mitigo,Verb
mitror,Verb
modero,Verb
modulo,Verb
moecho,Verb
moereo,Verb
moesto,Verb
mollis,Verb
moneto,Verb
mordeo,Verb
mordex,Adjective
morior,Verb
moruni,Adjective
muceum,Verb
mugino,Verb
mulceo,Verb
mulcto,Verb
mulgeo,Verb
mulsum,Verb
multus,Adjective
mundus,Adjective
munero,Verb
murcia,Adjective
murico,Verb
murmur,Verb
musimo,Verb
musino,Verb
mustus,Adjective
mutilo,Verb
muttus,Verb
mutuor,Adjective
mutuus,Adjective
nablis,Adjective
naccas,Adjective
nascor,Verb
nascus,Verb
naturo,Verb
naucus,Adjective
nauseo,Verb
nausio,Verb
navigo,Verb
nectus,Adjective
negito,Verb
neopus,Adjective
nepeet,Verb
neptus,Adjective
nequam,Adjective
nequeo,Verb
nequus,Adjective
nersus,Adjective
nescio,Verb
nestus,Adjective
netius,Adjective
nictum,Verb
nigreo,Verb
nigror,Verb
nimius,Adjective
ningeo,Verb
ninguo,Verb
ningus,Verb
niteus,Verb
niveus,Adjective
nocuus,Adjective
noemus,Verb
noerus,Adjective
nomino,Verb
normus,Adjective
noscus,Verb
noster,Adjective
nostus,Adjective
noteus,Adjective
nothus,Adjective
novana,Adjective
noxius,Adjective
nullus,Adjective
numero,Verb
numida,Adjective
nuncio,Verb
nuntio,Verb
obacer,Verb
obaero,Verb
obarmo,Verb
obatro,Verb
obduco,Verb
obduro,Verb
obequo,Verb
oberro,Verb
obesus,Adjective
obgero,Verb
obicio,Verb
obleco,Verb
oblido,Verb
obligo,Verb
oblimo,Adjective
oblino,Verb
obnito,Verb
obnubo,Verb
oboleo,Verb
obolus,Adjective
oborus,Adjective
obovao,Verb
obrepo,Verb
obrogo,Verb
obseco,Verb
obsero,Verb
obsido,Verb
obsono,Verb
obtego,Verb
obtero,Verb
obtexo,Verb
obturo,Verb
obuius,Verb
obvius,Adjective
occano,Verb
occedo,Verb
occido,Verb
occino,Verb
occubo,Verb
occulo,Verb
occupo,Verb
occuro,Verb
ocimus,Adjective
ocreus,Adjective
octies,Adjective
odorus,Adjective
offero,Verb
offigo,Verb
offoco,Verb
offuco,Verb
oggero,Verb
oletus,Verb
olidus,Adjective
omalis,Adjective
omasus,Adjective
omelis,Adjective
omilis,Adjective
omitto,Verb
onatas,Verb
opacus,Adjective
operio,Verb
operor,Verb
opetum,Verb
opicus,Adjective
opifer,Adjective
opimus,Adjective
opinor,Verb
oppedo,Verb
oppeto,Verb
oppilo,Verb
oppleo,Verb
oppono,Verb
oprepo,Verb
opsono,Verb
optimo,Adjective
optuma,Adjective
opuleo,Verb
oralis,Adjective
oratis,Verb
ordino,Verb
orexis,Verb
oritis,Verb
oscito,Verb
osculo,Verb
osseus,Adjective
ostigo,Verb
ostrya,Adjective
ovaior,Verb
ovalis,Adjective
ovilis,Adjective
ovinus,Adjective
oxalis,Adjective
oxidus,Adjective
pabulo,Verb
pactum,Verb
pactus,Adjective
paetus,Adjective
pagino,Verb
palleo,Verb
pallio,Verb
pallor,Verb
palmor,Verb
pandus,Adjective
pangum,Verb
pansum,Verb
parcus,Adjective
parens,Verb
parito,Verb
parius,Adjective
partus,Adjective
paruus,Adjective
parvus,Adjective
passeo,Verb
passus,Adjective
patino,Verb
patior,Verb
patmos,Adjective
paucus,Adjective
paueus,Verb
paulus,Adjective
pauper,Adjective
pavito,Verb
pedico,Verb
pedius,Adjective
pegado,Verb
peioro,Verb
peiuro,Verb
pejero,Verb
pejuro,Verb
pelens,Verb
pellax,Adjective
peltor,Verb
pendeo,Verb
peneus,Adjective
pensus,Verb
perago,Verb
peramo,Verb
peraro,Verb
perdio,Verb
perduo,Verb
peredo,Verb
perflo,Verb
perhoc,Adjective
perimo,Verb
perlor,Verb
perluo,Verb
permeo,Verb
permuo,Verb
perneo,Verb
pernus,Adjective
peroro,Verb
persea,Verb
persto,Adjective
peruro,Verb
petigo,Verb
petulo,Adjective
pharus,Verb
phases,Adjective
phasus,Adjective
pheleo,Verb
phocus,Adjective
piccas,Adjective
piceus,Adjective
pictus,Verb
pigror,Verb
piguus,Adjective
pileus,Adjective
pineus,Adjective
pinnor,Verb
pipero,Verb
pipilo,Verb
pirata,Verb
piscis,Adjective
pistum,Verb
placeo,Verb
plango,Verb
planto,Verb
planus,Adjective
plasmo,Verb
plaudo,Verb
plecto,Verb
plegio,Verb
plenus,Adjective
plerun,Adjective
plerus,Adjective
plexus,Adjective
plicus,Adjective
plipio,Verb
plorus,Verb
plumbo,Verb
poenus,Adjective
polleo,Verb
polluo,Adjective
pollus,Adjective
pollux,Adjective
polygo,Verb
polyso,Verb
poplis,Adjective
populo,Verb
porceo,Adjective
porpeo,Verb
portus,Verb
possum,Verb
potina,Adjective
potito,Verb
praedo,Verb
praeeo,Verb
praefo,Verb
praemo,Verb
praeoo,Verb
praepo,Verb
praeto,Verb
prauus,Adjective
pravus,Adjective
prebeo,Verb
precor,Verb
prendo,Verb
prenso,Verb
presso,Verb
priene,Adjective
primor,Adjective
primus,Adjective
priuus,Adjective
privus,Adjective
probus,Adjective
procax,Adjective
procer,Adjective
prodeo,Verb
prodio,Verb
produx,Verb
proflo,Verb
prolor,Verb
proluo,Verb
promus,Verb
pronus,Adjective
proqua,Verb
proreo,Verb
proruo,Verb
prosto,Verb
prosus,Adjective
proter,Verb
protus,Adjective
psallo,Verb
psilis,Adjective
psyche,Adjective
pterus,Adjective
pudens,Verb
pugilo,Verb
pugnax,Adjective
pulcer,Adjective
pulcre,Adjective
pullus,Adjective
pulsus,Verb
pultus,Adjective
pumico,Verb
purgeo,Verb
puscus,Adjective
puteal,Verb
putput,Adjective
putris,Adjective
pycneo,Verb
pyrius,Adjective
python,Verb
quadro,Verb
quaero,Verb
quaeso,Verb
qualis,Adjective
quasso,Verb
quatio,Verb
queror,Verb
quicun,Adjective
quilon,Adjective
quinao,Verb
quinto,Adjective
quinus,Adjective
quocum,Adjective
quojus,Adjective
quotus,Adjective
radico,Verb
raetia,Adjective
rameus,Adjective
rancus,Adjective
rapheo,Verb
raptus,Verb
rasito,Verb
raucus,Adjective
rauius,Verb
reageo,Verb
realis,Adjective
rebito,Verb
recedo,Verb
recens,Adjective
recepo,Verb
recido,Verb
recino,Verb
recito,Verb
recolo,Verb
recreo,Verb
rectus,Adjective
recubo,Verb
recuro,Verb
recuso,Verb
redamo,Verb
reddux,Verb
redico,Verb
redigo,Verb
redimo,Verb
redono,Verb
reduco,Verb
redugo,Verb
refero,Verb
refigo,Verb
refluo,Verb
refuto,Verb
regero,Verb
regius,Adjective
reicio,Verb
reinvo,Verb
relabo,Verb
relaxo,Verb
relego,Verb
relevo,Verb
relido,Verb
religo,Verb
relino,Verb
remano,Verb
remigo,Verb
remoro,Verb
renido,Verb
renito,Verb
rennuo,Verb
renodo,Verb
renovo,Verb
renuto,Verb
renuus,Adjective
reparo,Verb
repedo,Verb
repeto,Verb
repleo,Verb
repono,Verb
reputo,Verb
reseco,Verb
resero,Verb
resido,Verb
resono,Verb
respuo,Verb
restum,Verb
restus,Verb
resumo,Verb
retego,Verb
retexo,Verb
retono,Verb
reveho,Verb
revelo,Verb
revero,Verb
reviso,Verb
revivo,Adjective
revoco,Verb
revolo,Verb
revomo,Verb
rheumo,Verb
rhexus,Adjective
rhodio,Verb
rictus,Verb
riguus,Adjective
ritror,Verb
robeus,Adjective
robius,Adjective
roboro,Verb
rocheo,Verb
rogito,Verb
roncus,Adjective
roseus,Adjective
rubeio,Verb
rubeus,Verb
rubius,Adjective
rubrus,Adjective
rudens,Verb
ruidus,Adjective
rumino,Verb
ruscus,Adjective
russia,Adjective
russor,Verb
russus,Adjective
rutilo,Verb
sabate,Adjective
sabath,Verb
sabora,Adjective
sacrom,Adjective
sacrus,Adjective
saeuus,Adjective
saevus,Adjective
sagino,Verb
sagrus,Adjective
salina,Adjective
salsus,Adjective
saltum,Verb
salueo,Verb
saluto,Verb
saluus,Adjective
salveo,Verb
salvus,Adjective
samius,Adjective
sampsa,Verb
sappas,Adjective
sapsum,Adjective
sarcis,Verb
sardus,Adjective
sasima,Adjective
satago,Verb
saturo,Verb
saucio,Verb
saxeus,Adjective
scaber,Adjective
scalpo,Verb
scamno,Verb
scando,Verb
scateo,Verb
scindo,Verb
scipio,Verb
scirer,Adjective
scirpo,Verb
scirto,Verb
scisco,Verb
scitus,Verb
scorto,Verb
scrauo,Verb
screus,Adjective
scribo,Verb
scruio,Verb
scruto,Verb
sculpo,Verb
scurro,Verb
scutor,Verb
secedo,Verb
secreo,Verb
secubo,Verb
seduco,Verb
segnis,Adjective
segnus,Adjective
selego,Verb
seligo,Verb
semino,Verb
sensum,Adjective
sensuo,Verb
sentio,Verb
sentus,Adjective
separo,Verb
sepelo,Verb
sepono,Verb
septio,Verb
sepulo,Verb
sequax,Adjective
sequor,Verb
serene,Adjective
sereno,Verb
serius,Adjective
sertus,Adjective
seruio,Verb
setels,Adjective
setodo,Adjective
seubus,Adjective
seuius,Adjective
sevoco,Verb
sexies,Adjective
sextus,Adjective
sibilo,Verb
siccus,Adjective
sicini,Adjective
siligo,Verb
similo,Verb
simulo,Verb
sinape,Verb
singae,Adjective
singus,Adjective
sinnus,Adjective
sirius,Adjective
sisuro,Verb
sitell,Adjective
situus,Verb
smalto,Verb
smilax,Adjective
soanus,Adjective
sobris,Adjective
socius,Adjective
socolo,Verb
socrus,Adjective
soldus,Adjective
solers,Adjective
soleus,Adjective
solido,Verb
solito,Verb
sollus,Adjective
solymi,Adjective
somnio,Verb
sophus,Adjective
soporo,Verb
sorbeo,Verb
sordeo,Verb
spadus,Verb
sparax,Adjective
spargo,Verb
sparus,Adjective
spatio,Verb
spatus,Adjective
specio,Verb
specto,Verb
sperno,Verb
spicio,Verb
spirus,Adjective
spisse,Verb
spisso,Verb
spolio,Verb
sponda,Verb
sponso,Verb
spurco,Verb
spuris,Adjective
squama,Adjective
squino,Verb
stagno,Verb
statuo,Verb
status,Adjective
stello,Verb
sterno,Verb
sterto,Verb
stillo,Verb
stiuus,Adjective
stoebe,Verb
storax,Adjective
strepo,Verb
strido,Verb
strigo,Verb
struix,Verb
studeo,Verb
stupeo,Verb
stupro,Verb
suadeo,Verb
suadus,Verb
suanus,Adjective
suauis,Adjective
suavis,Adjective
suavus,Adjective
subedo,Verb
subigo,Verb
sublao,Verb
subluo,Verb
submuo,Verb
subpeo,Verb
subruo,Verb
substo,Verb
subsum,Verb
subulo,Verb
suecia,Adjective
suesco,Verb
suetus,Adjective
suffes,Verb
sufflo,Verb
suffuo,Verb
suilis,Adjective
summus,Adjective
suodal,Adjective
supero,Verb
supino,Verb
suppuo,Verb
suppus,Adjective
surdio,Verb
surdus,Adjective
suscio,Verb
suspeo,Verb
syrigo,Verb
syrinx,Adjective
syrmus,Adjective
syrtum,Verb
taedeo,Verb
taedio,Verb
taeieo,Adjective
taenio,Verb
taeter,Adjective
talcus,Adjective
talitr,Adjective
tamnum,Adjective
tangus,Verb
tantal,Adjective
tantus,Adjective
tardus,Adjective
tarmis,Verb
taruus,Adjective
tavius,Adjective
taxeus,Adjective
teanus,Adjective
teater,Verb
tectus,Adjective
temero,Verb
temnus,Adjective
tempto,Verb
tendeo,Verb
teneso,Adjective
tenuis,Adjective
tergeo,Verb
ternus,Adjective
terreo,Verb
tersus,Adjective
tertio,Adjective
testor,Verb
thisbe,Verb
thomix,Adjective
thorax,Adjective
tinguo,Verb
tinnio,Verb
titius,Adjective
titubo,Verb
tmolus,Adjective
tolero,Verb
tondeo,Verb
tonsus,Adjective
torpeo,Verb
torquo,Verb
torreo,Verb
torvus,Adjective
tottus,Adjective
tracto,Verb
tradux,Verb
traens,Verb
trahea,Verb
tranus,Adjective
tretto,Verb
tribuo,Verb
tricio,Verb
tricor,Adjective
tricus,Adjective
triglo,Verb
trilix,Adjective
trimus,Adjective
trinus,Adjective
tripal,Adjective
tristo,Verb
tritus,Adjective
trivus,Adjective
trudis,Verb
trunco,Verb
trusta,Verb
trutta,Verb
tuccus,Adjective
tudito,Verb
tuisso,Verb
tumeus,Verb
tumulo,Verb
tundus,Verb
turdus,Adjective
tureus,Adjective
turgeo,Verb
turius,Adjective
turner,Adjective
turpis,Adjective
turtum,Verb
turtur,Verb
turuor,Verb
tutemo,Verb
tutini,Adjective
tuxtax,Adjective
uacuus,Adjective
uangus,Adjective
uannus,Adjective
uargus,Adjective
uarius,Adjective
uastus,Adjective
ubiqua,Adjective
ueclus,Adjective
uemens,Verb
uentio,Verb
ueprio,Verb
uereor,Verb
uernus,Adjective
uescor,Verb
uester,Adjective
uestus,Adjective
uetero,Adjective
uictus,Verb
uigeni,Adjective
uilico,Adjective
uireus,Adjective
ulcero,Verb
ulmeus,Adjective
umecto,Verb
umesco,Verb
umidus,Adjective
uncino,Verb
unctus,Verb
undeco,Verb
undens,Adjective
undulo,Verb
ungueo,Verb
ungulo,Verb
unicus,Adjective
uomica,Adjective
uosmet,Verb
urgueo,Verb
urinor,Adjective
usitus,Verb
ustilo,Verb
ustulo,Verb
usurpo,Verb
uticus,Adjective
utilis,Adjective
utlago,Verb
uultur,Verb
uvesco,Verb
uvidus,Adjective
vacuus,Adjective
valent,Verb
valgus,Adjective
vaporo,Verb
vapulo,Verb
varico,Verb
varius,Adjective
vastus,Adjective
vatius,Adjective
vectis,Adjective
vegeto,Verb
velito,Verb
vendum,Verb
veneno,Verb
venero,Verb
vernix,Adjective
vernus,Adjective
verpus,Adjective
vescus,Adjective
vester,Adjective
vetero,Verb
viduus,Adjective
vietus,Adjective
vigilo,Verb
vigoro,Verb
vilico,Verb
vineus,Adjective
virido,Verb
visito,Verb
viteus,Adjective
vitreo,Verb
vocito,Verb
volito,Verb
voltur,Verb
voluto,Verb
vomito,Verb
voster,Adjective
wantus,Adjective
xystus,Adjective
ydiota,Adjective
zangus,Adjective
zinzio,Verb
